index,date,title,publication
1,NA,Here are the people Trump has picked for key positions so far,NA
2,NA,Here are the people Trump has picked for key positions so far,NA
3,NA,Here are the people Trump has picked for key positions so far,NA
4,NA,REPS LIEU AND KILEY INTRODUCE BILL TO INCREASE PENALTIES FOR FRAUD USING AI,NA
5,NA,REPS LIEU AND KILEY INTRODUCE BILL TO INCREASE PENALTIES FOR FRAUD USING AI,NA
6,NA,COMER ANNOUNCES FULL COMMITTEE MARKUP ON NOVEMBER 20,NA
7,NA,COP29: DIGITAL TECH TO PLEDGE FOR REDUCED CLIMATE FOOTPRINT AND INCREASED,NA
8,NA,WISeSat.Space Featured on Swiss Radio Television: Pioneering Blockchain and,NA
9,NA,Here are the people Trump has picked for key positions so far,NA
10,NA,Here are the people Trump has picked for key positions so far,NA
11,NA,Here are the people Trump has picked for key positions so far,NA
12,NA,HYCU® Recognized as a CRN® 2024 Stellar Startup! Ability to Provide Enterprise,NA
13,NA,Verizon Partners with Knightscope to Power Connectivity for Advanced Public Safety,NA
14,NA,Whatfix Recognized as a Digital Adoption Platform (DAP) Leader for the Fifth,NA
15,NA,SAS Experts Foresee Government AI Crossroads in 2025,NA
16,NA,Patmos to Convert the Iconic Kansas City Star Building into a State-of-the-Art 100 MW,NA
17,NA,Rackspace Technology Delivers One of the Largest Third-Party Epic Cloud,NA
18,NA,Homeland Security Fiscal Year 2025 Appropriations Bill,NA
19,NA,SAS Institute: Prosperity or Catastrophe - #Insurance2040 Study Reveals Four,NA
20,NA,University of Southern California Viterbi School of Engineering: Newly Established,NA
21,NA,Intermap Announces Third Quarter Revenue Grew 241% Year-Over-Year,NA
22,NA,Here are the people Trump has picked for key positions so far,NA
23,NA,Here are the people Trump has picked for key positions so far,NA
24,NA,Here are the people Trump has picked for key positions so far,NA
25,NA,"White House Issues Transcript of News Briefing by Press Secretary Jean-Pierre,",NA
26,NA,APEC BUSINESS LEADERS CALL FOR BOLD ACTIONS ON SUSTAINABLE GROWTH AND,NA
27,NA,APEC Business Leaders Call for Bold Actions on Sustainable Growth and Economic,NA
28,NA,SAS experts foresee government AI crossroads in 2025,NA
29,NA,EARLY WARNINGS FOR ALL ADVANCES BUT NEW CHALLENGES EMERGE,NA
30,NA,BILL SUMMARY: HOMELAND SECURITY FISCAL YEAR 2025 APPROPRIATIONS BILL,NA
31,NA,BILL SUMMARY: Homeland Security Fiscal Year 2025 Appropriations Bill Senate,NA
32,NA,Prosperity or catastrophe: #Insurance2040 study reveals four possible futures for the,NA
33,NA,"President Biden, Indonesian President Subianto Issue Joint Statement",NA
34,NA,Here are the people Trump has picked for key positions so far,NA
35,NA,Here are the people Trump has picked for key positions so far,NA
36,NA,Here are the people Trump has picked for key positions so far,NA
37,NA,PRESS BRIEFING BY PRESS SECRETARY KARINE JEAN-PIERRE AND NATIONAL SECURITY,NA
38,NA,Editorial Roundup: United States,NA
39,NA,Editorial Roundup: United States,NA
40,NA,ASEAN and Germany Enrich Partnership at the 8th ASEAN-Germany Development,NA
41,NA,DeepTempo Emerges from Stealth Mode with Deep Learning-Based Snowflake Native,NA
42,NA,NetApp Collaborates With Red Hat to Deliver Increased Flexibility for Virtualized,NA
43,NA,Sidus Space Selected to Exclusively Build Lonestar Data Holdings Lunar Data Storage,NA
44,NA,JOINT STATEMENT FROM THE LEADERS OF THE UNITED STATES AND THE REPUBLIC,NA
45,NA,Software Defined Automation expands Industrial DevOps solution for manufacturing,NA
46,NA,"Hitachi Vantara Expands Hybrid Cloud Storage Platform with Object Storage, All-QLC",NA
47,NA,Rocket Companies Announces Third Quarter 2024 Results,NA
48,NA,NATIONAL LEAGUE OF CITIES PRESS CONFERENCE WITH MAYOR JANE CASTOR TO,NA
49,NA,The Latest: Fewer than 20 races to be called as control of Congress hangs in the,NA
50,NA,The Latest: Fewer than 20 races to be called as control of Congress hangs in the,NA
51,NA,Endava Announces First Quarter Fiscal Year 2025 Results Q1 FY2025 3.5% Year on,NA
52,NA,Nuvei Announces Third Quarter 2024 Results,NA
53,NA,COP29 climate conference in Azerbaijan : U-M experts available to comment,NA
54,NA,NetApp Collaborates with Red Hat to Deliver Increased Flexibility for Virtualized,NA
55,NA,SAIHEAT Introduces HEATNUC: An Open-Source Small Modular Reactor (SMR) Solution,NA
56,NA,"Mach7 Technologies introduces UnityVue, a next-generation radiology reading",NA
57,NA,OXFORD UNIVERSITY ACADEMICS CALL FOR AMBITIOUS ACTIONS AT UN CLIMATE,NA
58,NA,The Latest: Fewer than 20 races to be called as control of Congress hangs in the,NA
59,NA,The Latest: Fewer than 20 races to be called as control of Congress hangs in the,NA
60,NA,Muhammad Ali Center celebrates 11th annual Muhammad Ali Humanitarian Awards,NA
61,NA,"Sustainability Journal Issues Research Articles in Vol. 16, Issue 21",NA
62,NA,Solving the Right Problems: Remarks to FINSIA - The Regulators 2024,NA
63,NA,"Electronics Journal Issues Research Articles in Vol. 13, Issue 21",NA
64,NA,Sinclair and IIT Bombay Sign MoU for Next Generation Wireless Broadcast-to-,NA
65,NA,"Water Journal Issues Research Articles in Vol. 16, Issue 21",NA
66,NA,"International Journal of Logistics Management Issues Research Articles in Vol. 35,",NA
67,NA,"COP29: NOAA DELEGATION TO FOCUS ON HELPING U.S. , WORLD NATIONS FIND",NA
68,NA,Intermap Announces Dates for Q3 2024 Financial Results and Webinar,NA
69,NA,Sinclair and IIT Bombay Sign MoU for Next Generation Wireless Broadcast-to-,NA
70,NA,Food & Water Watch: 1200+ New Yorkers Rebuke Governor Hochul's NYSERDA,NA
71,NA,TELUS reports operational and financial results for third quarter 2024,NA
72,NA,CHINA'S SHENZHEN NAMED 'SMART CITY OF 2024' AT BARCELONA EXPO,NA
73,NA,PM CALLS FOR NEW-GENERATION ECONOMIC CORRIDOR IN GREATER MEKONG,NA
74,NA,ICEYE and Carahsoft Partner to Streamline Access to SAR-Derived Insights Critical,NA
75,NA,Nutanix Expands Partnership with AWS New partnership will simplify cloud migrations,NA
76,NA,Algorized Raises $4.3 Million in Seed Funding to Drive Innovation in People-Sensing,NA
77,NA,HERE Expands Partnership with Maxar Intelligence to Scale Automated Mapmaking,NA
78,NA,"Axon reports Q3 2024 revenue of $544 million, up 32% year over year, raises outlook",NA
79,NA,HOW MEGATRENDS AFFECT ADVANCEMENT OF GENDER EQUALITY & WOMEN'S,NA
80,NA,TruBridge Announces Third Quarter 2024 Results,NA
81,NA,Backblaze Announces Record Adjusted EBITDA Margin as Part of Third Quarter 2024,NA
82,NA,"Consensus Cloud Solutions, Inc. Reports Third Quarter 2024 Results; Releases Q4",NA
83,NA,NCR Voyix Reports Third Quarter Results,NA
84,NA,Safety Journal Issues Research Articles in June 2024 Edition,NA
85,NA,Tintri Introduces Advanced Kubernetes Data Management with New VMstore CSI,NA
86,NA,"ConnectWise Introduces PSA in Asio, Revolutionizing the Partner Experience with a",NA
87,NA,ConnectWise Empowers MSPs to Strengthen Cybersecurity and Data Protection with,NA
88,NA,"FalconStor Software Announces Third Quarter of 2024 Results Continued Revenue,",NA
89,NA,Risk Analysis Journal Issues Research Articles in October 2024 Edition,NA
90,NA,VMware Cloud Foundation Delivers a Private Cloud Platform to Accelerate Customers’,NA
91,NA,Nasuni Powers Leading Consumer Brands and Retailers Ahead of Holiday Season,NA
92,NA,Macrovey Wins Prestigious Warehouse Initiative Award at the Supply Chain Excellence,NA
93,NA,Flowfinity Upgrades Data Centers to Future-Proof AI Expansion and Increase,NA
94,NA,WISeKey Subsidiary WISeSat.Space Prepares for a January 2025 Launch of Next-,NA
95,NA,SPRINGFIELD CONFIDENTIAL: DISHING WITH MISS SASSY,NA
96,NA,Nutanix is Positioned Furthest in Vision Among All Vendors in 2024 Gartner® Magic,NA
97,NA,TeraWulf Announces October 2024 Production and Operations Update,NA
98,NA,AIG Reports Excellent Third Quarter 2024 Results,NA
99,NA,MGIC Investment Corporation Reports Third Quarter 2024 Results,NA
100,NA,UC-San Diego: CalIT2 Workshop Looks to the Future of Health and Medicine,NA
101,NA,Conduent and AshBritt Team Up to Offer Disaster Recovery Services and Emergency,NA
102,NA,Maui Emergency Management Agency Awards Genasys Multi-Year Contract for,NA
103,NA,TransUnion: Nearly 80% of Consumers Consider Phone Channel Important for,NA
104,NA,FACULTY AND STAFF BRIEFS OCTOBER 2024,NA
105,NA,FSU: Faculty and Staff Briefs October 2024,NA
106,NA,Digital Medical and Artificial Intelligence Innovation Forum Held in Beijing,NA
107,NA,InterVision Recognized as AWS Lambda Service Delivery Partner,NA
108,NA,NEVADA SEISMOLOGICAL LABORATORY INSTALLS NEW WILDFIRE CAMERA IN,NA
109,NA,Conduent and AshBritt Team Up to Offer Disaster Recovery Services and Emergency,NA
110,NA,HYCU® Recognized as CRN 2024 Product of the Year Finalist R-Cloud Noted for,NA
111,NA,Everstream Analytics Launches Industry-First Supply Chain Capability: Climate Risk,NA
112,NA,"Schneider Electric Introduces Schneider OffGrid, Delivering Sustainable Portable",NA
113,NA,Sidus Space Announces Iridium-Powered Communication Upgrade for LizzieSat(TM),NA
114,NA,"AFIMSC TASK FORCE HELPS BASES RECOVER FROM HURRICANES HELENE, MILTON",NA
115,NA,Nearly 80% of Consumers Consider Phone Channel Important for Communicating,NA
116,NA,Amazon.com Announces Third Quarter Results,NA
117,NA,Association of American Medical Colleges Issues Commentary: Why Older Adults Are,NA
118,NA,Xcel Energy Third Quarter 2024 Earnings Report,NA
119,NA,Kraus Hamdani Aerospace Secures $20 Million via APFIT Program to Deliver,NA
120,NA,Backblaze and Opti9 Partner to Bring High Performance and Low Cost Cloud Storage,NA
121,NA,Pega Infinity '24 Updates Accelerate Generative AI-Based Innovation for the,NA
122,NA,Maxar Intelligence Announces New Leadership Appointments to Fuel Continued,NA
123,NA,LaunchDarkly Launches Dedicated EU Region to Support EU Data Residency and,NA
124,NA,QANDA: IS THAT REAL? BOTS MAKE IT HARD TO RECOGNIZE TRUTH,NA
125,NA,Schneider's sustainability program heads full speed toward its end-year targets with,NA
126,NA,UBS reports 3Q24 net profit of USD 1.4bn with 6.2trn in invested assets; delivering,NA
127,NA,Junee Limited Announces Financing Round of Up to US$40 Million to Establish AI,NA
128,NA,Pega Infinity '24 Updates Accelerate Generative AI-based Innovation for the,NA
129,NA,DocsInk Appoints Digital Health Expert Clay Malloy as President to Lead Innovation,NA
130,NA,Cockroach Labs' 2025 Resilience Report Unveils Critical Outage Surge and,NA
131,NA,"5 things to know for Oct. 29: Election countdown, Burned ballots, Flight refunds,",NA
132,NA,"Energies Journal Issues Research Articles in Vol. 17, Issue 20",NA
133,NA,"Russia , China and Cuba spread misinformation about US hurricane response, US",NA
134,NA,EPA Awards $2.8 Million to Small Businesses for Developing Environmental,NA
135,NA,"EPA Awards $400,000 to Greenlife Tech Corporation in North Carolina for Developing",NA
136,NA,"Sustainability Journal Issues Research Articles in Vol. 16, Issue 20",NA
137,NA,"Remote Sensing Journal Issues Research Articles in Vol. 16, Issue 20",NA
138,NA,"Foreign threats to the US election are on the rise, and officials are moving faster to",NA
139,NA,"Foreign threats to the US election are on the rise, and officials are moving faster to",NA
140,NA,EPA AWARDS $2.8 MILLION TO SMALL BUSINESSES FOR DEVELOPING,NA
141,NA,"EPA AWARDS $400,000 TO GREENLIFE TECH CORPORATION IN NORTH CAROLINA",NA
142,NA,"AI is being used to send some households impacted by Helene and Milton $1,000",NA
143,NA,"AI is being used to send some households impacted by Helene and Milton $1,000",NA
144,NA,"AI is being used to send some households impacted by Helene and Milton $1,000",NA
145,NA,"AI is being used to send some households impacted by Helene and Milton $1,000",NA
146,NA,G7 FINANCE MINISTERS AND CENTRAL BANK GOVERNORS' STATEMENT,NA
147,NA,Senate Judiciary Subcommittee Issues Testimony From Center for Security &,NA
148,NA,JOINT STATEMENT: 7TH INDIA-GERMANY INTER-GOVERNMENTAL CONSULTATIONS,NA
149,NA,JOINT STATEMENT: 7TH INDIA-GERMANY INTER-GOVERNMENTAL CONSULTATIONS,NA
150,NA,"Drones Driven by A.I. Are Taking Over Major Industries Including Agriculture,",NA
151,NA,S2G Ventures Report Highlights AI's Potential for Unlocking Climate Solutions and,NA
152,NA,"Russia amplified hurricane disinformation to drive Americans apart, researchers find",NA
153,NA,"Russia amplified hurricane disinformation to drive Americans apart, researchers find",NA
154,NA,"Russia amplified hurricane disinformation to drive Americans apart, researchers find",NA
155,NA,"Russia amplified hurricane disinformation to drive Americans apart, researchers find",NA
156,NA,MEKONG COMMISSION DELAYS RELEASE OF RIVER FLOOD WARNING APP,NA
157,NA,Urbint Receives $35 Million Strategic Growth Equity Investment from S2G to Double,NA
158,NA,"UNION MINISTER SHRI RAJIV RANJAN SINGH LAUNCHES ""WEATHER FORECASTING AT",NA
159,NA,ITU-WTSA 2024 CONCLUDES: INDIA LEADS THE CHARGE FOR SHAPING THE FUTURE,NA
160,NA,Congressional Budget Office : 'Recent Publications & Work in Progress as of Sept.,NA
161,NA,Principal Associate Deputy A.G. Miller Delivers Remarks to New York City Bar,NA
162,NA,DHS S&T Awards More Than $1.7M to 19 Minority Serving Institutions for Summer,NA
163,NA,The Hartford Announces Excellent Third Quarter 2024 Financial Performance,NA
164,NA,INDIAN ARMY TO HOST THE SECOND EDITION OF CHANAKYA DEFENCE DIALOGUE: A,NA
165,NA,Global Cloud Storage Market Expected to Reach $234 Billion By 2028 as Tech Stocks,NA
166,NA,"Moolenaar: TSMC Chips to Huawei ""A Catastrophic Failure of Export Control Policy""",NA
167,NA,American Academy of Sleep Medicine: Survey Reveals Election and World Worries,NA
168,NA,"NATIONAL ORGANIZATIONS LEARN ABOUT LEHIGH-LED CENTER FOR CLIMATE,",NA
169,NA,PRINCIPAL ASSOCIATE DEPUTY ATTORNEY GENERAL MARSHALL MILLER DELIVERS,NA
170,NA,TeraWulf Inc.’s Board of Directors Authorizes $200 Million Share Repurchase,NA
171,NA,"Iveda Chosen by Disaster Recovery Leader, Data Management, to Minimize Carbon",NA
172,NA,Leadership Conference on Civil & Human Rights: In Wake of Post-Hurricane Online,NA
173,NA,Drone Technology Market is Set to Achieve USD 42.8 Billion by 2032 Report by,NA
174,NA,UiPath Integrates Anthropic Claude Language Models to Deliver Next Generation AI,NA
175,NA,"5 things to know for Oct. 22: Vulnerable seniors exploited, Hostage talks, Hurricane",NA
176,NA,UNION MINISTER SH JYOTIRADITYA M. SCINDIA UNVEILS BSNL'S NEW LOGO AND,NA
177,NA,White House Issues Transcript of News Briefing by Press Secretary Jean-Pierre on,NA
178,NA,Wanclouds CEO Faiz Khan to Present at IBM TechXchange 2024 on AI-Driven,NA
179,NA,Keepit at Gartner 2024: Bridging Data Governance and Disaster Recovery Keepit,NA
180,NA,PRIME MINISTER SHRI NARENDRA MODI ADDRESSES NDTV WORLD SUMMIT 2024 IN,NA
181,NA,"ITU KALEIDOSCOPE 2024 KICKS OFF AT WTSA, NEW DELHI: FOCUSING ON",NA
182,NA,"PRESS BRIEFING BY PRESS SECRETARY KARINE JEAN-PIERRE, OCTOBER 21, 2024",NA
183,NA,READOUT OF AMBASSADOR LINDA THOMAS-GREENFIELD'S MEETING WITH ASEAN,NA
184,NA,XI CALLS ON ANHUI TO WRITE ITS OWN CHAPTER OF CHINESE MODERNIZATION,NA
185,NA,"REP. HARRIET HAGEMAN: THE WYOMING ROUND-UP | OCTOBER 20, 2024",NA
186,NA,ITU Advances Work on Latest UN Calls for Global AI Standards and Capacity,NA
187,NA,Union of Concerned Scientists: Tech Company Nuclear 'Deals' are Speculative at,NA
188,NA,Senate Foreign Relations Subcommittee Issues Testimony From National Security,NA
189,NA,ITU-WTSA 24 ROBOTICS FOR GOOD YOUTH CHALLENGE INDIA WAS HELD ON OCT,NA
190,NA,Federal Contracts Awarded to Companies in California (Oct. 19),NA
191,NA,ITU-UN WORKSHOP EXPLORES ROLE OF STANDARDIZATION AND EMERGING,NA
192,NA,ITU ADVANCES WORK ON LATEST UN CALLS FOR GLOBAL AI STANDARDS AND,NA
193,NA,James Cook University: Get the Message With AI Chat Bot During Disasters,NA
194,NA,SBA IG: 'Report on Most Serious Management & Performance Challenges by OIG',NA
195,NA,"TECH COMPANY NUCLEAR ""DEALS"" ARE SPECULATIVE AT BEST",NA
196,NA,UNECE REGIONAL REPORT HIGHLIGHTS THE NEED FOR MORE PROGRESS IN,NA
197,NA,UNECE Regional Report Highlights the Need for More Progress in Women's Economic,NA
198,NA,This Week in Health News: 12 Stories You Need to See,NA
199,NA,"Trillion Pixel Challenge workshop explores digital twins, foundational AI models",NA
200,NA,"TRILLION PIXEL CHALLENGE WORKSHOP EXPLORES DIGITAL TWINS, FOUNDATIONAL",NA
201,NA,"FBF: AI, SENATE REFORM, AND BIG CHALLENGES FOR CONGRESS",NA
202,NA,CHINESE MODERNIZATION FUELS SHARED PROSPERITY OF DEVELOPING NATIONS,NA
203,NA,"Bouncing back from a hurricane, making veggies tasty, California 's rattled nerves:",NA
204,NA,CINC Systems Redefines Community Association Management at CINC Up 2024 in,NA
205,NA,HOWLING SUCCESS: ETHAN CLARK,NA
206,NA,HOWLING SUCCESS: ETHAN CLARK,NA
207,NA,Bloomberg New Economy Announces 2024 Class of 'Catalysts' in Recognition of,NA
208,NA,FSU FACULTY NET MORE THAN $9M IN GRANTS TO DEVELOP AI FOR USE IN,NA
209,NA,FSU FACULTY NET MORE THAN $9M IN GRANTS TO DEVELOP AI FOR USE IN,NA
210,NA,INDUSTRY LETTER,NA
211,NA,UN-Habitat and NASA Collaborate on Earth Observation Data for Sustainable Urban,NA
212,NA,"Dell AI Factory Transforms Data Centers With Advanced Cooling, High Density",NA
213,NA,Applied AI and Deep Tech Innovations Take Centre Stage on Day Three of Expand,NA
214,NA,OutSystems Celebrates the World's Leading Software Innovators at the 2024,NA
215,NA,ALUMNUS TRAVIS KULPA RECEIVES DOCTORAL DISSERTATION AWARD FROM SUPPLY,NA
216,NA,Vienna Insurance Group Subscribes to Intermap’s Real Estate Solution,NA
217,NA,POLITICAL LEADERS MUST CHAMPION HUMAN RIGHTS AMID GLOBAL CRISES,NA
218,NA,Statement of the Deputy High Commissioner for Human Rights During the G7,NA
219,NA,"Okta is Reducing the Risk of Unmanaged Identities, Social Engineering, and MFA",NA
220,NA,NORDHAUS ASSUMES ROLE OF NATIONAL GUARD BUREAU CHIEF,NA
221,NA,"Healthcare Journal Issues Research Articles in Vol. 12, Issue 19",NA
222,NA,ABF Commissioner - National Press Club of Australia Address,NA
223,NA,"AI Ethics Council Welcomes LinkedIn Co-Founder Reid Hoffman and Commentator,",NA
224,NA,Rice-led research will leverage responsible AI to enhance coastal communities',NA
225,NA,"IRC Announces Winners from Nine Countries for Latest Global Innovation Challenge,",NA
226,NA,Arcserve Launches UDP 10 to Deliver Enhanced Malware Protection and Improved,NA
227,NA,"Dell AI Factory Transforms Data Centers with Advanced Cooling, High Density",NA
228,NA,Ransomware survey by Hornetsecurity reveals nearly a third of businesses suffered,NA
229,NA,Chairman's Statement of the 12th ASEAN- United States Summit,NA
230,NA,Nasuni Achieves AWS Manufacturing and Industrial Competency,NA
231,NA,"Sustainability Journal Issues Research Articles in Vol. 16, Issue 19",NA
232,NA,MONTGOMERY COUNTY'S NAMED BEST MUNICIPAL CONNECTIVITY PROGRAM FOR,NA
233,NA,Managed IT Infrastructure Service Market Size Worth USD 665.15 Billion by 2032 at,NA
234,NA,Buildings Journal Issues Research Articles in August 2024 Edition,NA
235,NA,WISeKey Subsidiary WISeSat to Launch Second Proof of Concept for SEALCOIN Token,NA
236,NA,House Oversight & Accountability Subcommittee Issues Testimony From Pandemic,NA
237,NA,FSU TO RECOGNIZE ESTEEMED GRADUATES DURING HOMECOMING WEEKEND,NA
238,NA,FSU TO RECOGNIZE ESTEEMED GRADUATES DURING HOMECOMING WEEKEND,NA
239,NA,NSF Issues Grant Notice for Addressing Systems Challenges Through Engineering,NA
240,NA,PRIME MINISTER URGES EAS COUNTRIES TO TAKE LEAD IN TACKLING GLOBAL,NA
241,NA,Texas A&M: Eyeing the Damage of Hurricane Season,NA
242,NA,VIETNAMESE PRIME MINISTER ATTENDS 27TH ASEAN- JAPAN SUMMIT,NA
243,NA,EYEING THE DAMAGE OF HURRICANE SEASON,NA
244,NA,PRIME MINISTER ATTENDS 21ST ASEAN- INDIA SUMMIT,NA
245,NA,RestorationMaster Creates Custom ChatGPTs That Provide Disaster Restoration,NA
246,NA,"Aya Healthcare Donates $100,000 to Help Communities Impacted by Hurricane",NA
247,NA,RUSSIAN STATE MEDIA USES AI-GENERATED IMAGES OF FLORIDA 'S DISNEY WORLD,NA
248,NA,"White House Fact Sheet: Delivering on Our Commitments, 12th U.S. -ASEAN Summit",NA
249,NA,CREATING GOOD-PAYING JOBS AND GROWING THE ECONOMY ALONGSIDE ASEAN,NA
250,NA,Pure Storage Named a Leader for Fourth Consecutive Year in the 2024 Gartner®,NA
251,NA,"Remote Sensing Journal Issues Research Articles in Vol. 16, Issue 15",NA
252,NA,White House Fact Sheet: Biden-Harris Administration Celebrates International Day of,NA
253,NA,"Energies Issues Research Articles in Vol. 17, Issue 15",NA
254,NA,SENATE BILL TO CREATE NSF-AWARDED AI CHALLENGES GETS HOUSE COMPANION,NA
255,NA,JOINT STATEMENT ON STRENGTHENING ASEAN-INDIA COMPREHENSIVE STRATEGIC,NA
256,NA,"FACT SHEET: DELIVERING ON OUR COMMITMENTS, 12TH U.S. -ASEAN SUMMIT IN",NA
257,NA,"CONTRIBUTED ARTICLE BY PRIME MINISTER ISHIBA TO THE VIENTIANE TIMES - """,NA
258,NA,"Sustainability Issues Research Articles in Vol. 16, Issue 16",NA
259,NA,"Sustainability Issues Research Articles in Vol. 16, Issue 18",NA
260,NA,"Electronics Journal Issues Research Articles in Vol. 13, Issue 15",NA
261,NA,TeraWulf Enters Into Long-Term Ground Lease at Lake Mariner Facility to Attract,NA
262,NA,FACT SHEET: BIDEN- HARRIS ADMINISTRATION CELEBRATES INTERNATIONAL DAY OF,NA
263,NA,THE 27TH ASEAN-JAPAN SUMMIT (SUMMARY),NA
264,NA,Urban Science Issues Research Articles in September 2024 Edition,NA
265,NA,QUOTE DU JOUR: REP. FLETCHER ON FEMA FUNDING,NA
266,NA,"Water Issues Research Articles in Vol. 16, Issue 17",NA
267,NA,"Sustainability Issues Research Articles in Vol. 16, Issue 15",NA
268,NA,PRESS CONFERENCE BY PRIME MINISTER ISHIBA,NA
269,NA,Oracle Helps Financial Institutions Manage Balance Sheet Risk and Fuel Growth in,NA
270,NA,"Ping An Health's MSCI ESG Rating Elevates to ""AA""",NA
271,NA,IDB SUPPORTS ECUADOR TO IMPROVE REGIONAL INTEGRATION WITH PERU AND THE,NA
272,NA,GWU Media Tip Sheet FEMA Administrator Warns Misinformation is Undermining,NA
273,NA,GAME-CHANGING TECH TO REACH THE PUBLIC FASTER AS DEDICATED NEW UNIT,NA
274,NA,"PR NO. 58 NDMA COMMEMORATES NATIONAL RESILIENCE DAY, EXPRESSES",NA
275,NA,Free and Fast Photo-Matching AI Technology Can Help Reunite Pets with Their,NA
276,NA,Insurance Trailblazer Orion180 Enhances Underwriting and Claims Operations with,NA
277,NA,Insurance Trailblazer Orion180 Enhances Underwriting and Claims Operations with,NA
278,NA,"5 things to know for Oct. 8: Hurricane Milton, Immigration, Israel , Cyberattack,",NA
279,NA,Kansas City University Sets New Standard in Point-of-Care Ultrasound Education with,NA
280,NA,Oracle Helps Financial Institutions Manage Balance Sheet Risk and Fuel Growth in,NA
281,NA,563RD PERSONNEL RECOVERY TASK FORCE RESCUES HELENE SURVIVORS,NA
282,NA,Amwins and Floodbase Unveil Groundbreaking Flood Insurance Program for,NA
283,NA,"T-Mobile Readies to Keep Customers, Communities and First Responders Connected",NA
284,NA,Lamont-Doherty Earth Observatory: Showcase Combining Knowledge and Action,NA
285,NA,FOREIGN MINISTRY SPOKESPERSON MAO NING'S REGULAR PRESS CONFERENCE ON,NA
286,NA,The Latest: New analysis says both Trump and Harris' plans would increase the,NA
287,NA,The Latest: New analysis says both Trump and Harris' plans would increase the,NA
288,NA,"Fake Hurricane Helene images go viral, experts discuss the problem and how to",NA
289,NA,"FAKE HURRICANE HELENE IMAGES GO VIRAL, EXPERTS DISCUSS THE PROBLEM AND",NA
290,NA,Property Insurance Market Share will grow at a 9.80% of CAGR by 2032,NA
291,NA,"$15M for game theory with AI agents, quantum semiconductors for microelectronics",NA
292,NA,"$15M FOR GAME THEORY WITH AI AGENTS, QUANTUM SEMICONDUCTORS FOR",NA
293,NA,"$15M FOR GAME THEORY WITH AI AGENTS, QUANTUM SEMICONDUCTORS FOR",NA
294,NA,"Sensors Issues Research Articles in Vol. 24, Issue 18",NA
295,NA,A SHOWCASE COMBINING KNOWLEDGE AND ACTION,NA
296,NA,"Sensors Issues Research Articles in Vol. 24, Issue 16",NA
297,NA,"HELENE RELIEF EFFORTS: NCANG DELIVERS 450,000 POUNDS OF CARGO AND",NA
298,NA,AP News in Brief at 6:04 p.m. EDT,NA
299,NA,The Latest: New analysis says both Trump and Harris' plans would increase the,NA
300,NA,The Latest: New analysis says both Trump and Harris' plans would increase the,NA
301,NA,"Journal of Marine Science & Engineering Issues Research Articles in Vol. 12, Issue 8",NA
302,NA,False claims about the federal response to Helene are an ominous sign for the,NA
303,NA,U.S. Council for International Business at UNGA79,NA
304,NA,TOWARDS RESILIENCE: HOW IRRIGATION AND ENERGY REFORMS CAN SECURE,NA
305,NA,"Japan 's new leader expresses regret for governing party slush fund scandal, vows",NA
306,NA,"Japan 's new leader expresses regret for governing party slush fund scandal, vows",NA
307,NA,TeraWulf Announces September 2024 Production and Operations Update,NA
308,NA,Commercial Satellite Imaging Market is expected to generate a revenue of USD,NA
309,NA,"With misinformation swirling in Hurricane Helene's wake, officials urge residents to",NA
310,NA,International Journal of Environmental Research & Public Health Issues Research,NA
311,NA,ENHANCING RISK KNOWLEDGE FOR STRONGER EARLY WARNING SYSTEMS IN,NA
312,NA,SBA ANNOUNCES 14 NEW AWARDS FOR REGIONAL INNOVATION CLUSTER NETWORK,NA
313,NA,"SBA Press Release: 25-01, SBA Announces 14 New Awards for Regional Innovation",NA
314,NA,TeraWulf Monetizes Equity Interests in Nautilus Joint Venture to Fuel Expansion of,NA
315,NA,The Satellite Imaging Market to Reach $8.6 Billion by 2031--Exclusive Report by,NA
316,NA,AP News in Brief at 11:04 p.m. EDT,NA
317,NA,Five LSU Faculty Win National Science Foundation CAREER Awards,NA
318,NA,"Behavioral Sciences Issues Research Articles in Vol. 14, Issue 9",NA
319,NA,FACULTY AND STAFF BRIEFS SEPTEMBER 2024,NA
320,NA,FACULTY AND STAFF BRIEFS SEPTEMBER 2024,NA
321,NA,Florida State University: Faculty and Staff Briefs September 2024,NA
322,NA,How Artificial Intelligence Influence on Drone Technology is Playing Pivotal Role in,NA
323,NA,"Ramon.Space and Radisys Partner to Develop State-of-the-Art, Space-Resilient 5G",NA
324,NA,MOODY AFB CONTINUES HURRICANE HELENE RECOVERY OPERATIONS,NA
325,NA,RPM Reports Record Fiscal 2025 First-Quarter Results,NA
326,NA,ADDING MULTIMEDIA Atmo Signs Historic Commercial Agreement with the,NA
327,NA,"Experts available: Hurricane Helene response and recovery, Vice Presidential",NA
328,NA,"EXPERTS AVAILABLE: HURRICANE HELENE RESPONSE AND RECOVERY, VICE",NA
329,NA,YOUR AI READINESS ASSESSMENT CHECKLIST,NA
330,NA,"'A Third World War is Possible', Says Charles Michel at the UN General Assembly",NA
331,NA,PIONEERING ROBOTIC TRIAGE,NA
332,NA,FROM 'CLIMATE HAVEN' TO DISASTER ZONE: HOW HURRICANE HELENE BECAME THE,NA
333,NA,AP News in Brief at 11:04 p.m. EDT,NA
334,NA,RESCUE IN THE NIGHT,NA
335,NA,vialytics Offers Free AI-Powered Infrastructure Recovery Services to Communities,NA
336,NA,"EU: A THIRD WORLD WAR IS POSSIBLE, SAYS CHARLES MICHEL AT THE UN GENERAL",NA
337,NA,R Systems launches Chaos Engineering Integrated DR Model to Enhance Business,NA
338,NA,MAJOR INTERNATIONAL DROUGHT CONFERENCE SEEKS TO INCREASE RESILIENCE,NA
339,NA,Fed Seeks Input on Application Form for Membership on Community Advisory,NA
340,NA,OWG Launches Parallax Private Cloud Desktop to Transform Business Operations,NA
341,NA,WISeKey Announces First Half 2024 Unaudited Financial Results and Updates on,NA
342,NA,"USTDA, Vanuatu Partner to Improve Weather Forecasting and Disaster Preparedness",NA
343,NA,House Oversight & Accountability Subcommittee Issues Testimony From FEMA,NA
344,NA,ADDRESS BY PRIME MINISTER KISHIDA FUMIO AT THE SEVENTY-NINTH SESSION OF,NA
345,NA,"USTDA, VANUATU PARTNER TO IMPROVE WEATHER FORECASTING AND DISASTER",NA
346,NA,"WEEKLY ROUND[S] UP: SEPTEMBER 23-27, 2024",NA
347,NA,Frost & Sullivan Awards MC Digital Realty 2024 Japan Company of the Year Award,NA
348,NA,"YOU'D NEVER FALL FOR AN ONLINE SCAM, RIGHT?",NA
349,NA,"COMMITTEE CLIFF NOTES: WEEKLY RECAP WEEK OF SEPTEMBER 23, 2024",NA
350,NA,"Committee Cliff Notes: Weekly Recap - Week of September 23, 2024",NA
351,NA,CSIS Issues Commentary: Experts React: Quad Leaders' Summit 2024,NA
352,NA,Blackbaud's bbcon 2024 Brings Thousands of Social Impact Professionals Together,NA
353,NA,Rising Demand Drives Enterprise Data Storage Market to USD 670.82 Billion by,NA
354,NA,PLAN TO REOPEN THREE MILE ISLAND PLANT COULD BE 'REBIRTH' OF NUCLEAR,NA
355,NA,ROCKEFELLER FOUNDATION ANNOUNCES ASIAXCHANGE 2024: A BLUEPRINT FOR,NA
356,NA,Geographic Solutions Named a Top 25 Work Tech Vendor by the 2024 Inspiring Work,NA
357,NA,2024 WORLD MARITIME DAY ANCHORS FOCUS ON MARITIME SAFETY,NA
358,NA,The Expanding Horizon: Search and Rescue Drones Projected to Reach USD 450,NA
359,NA,Frost & Sullivan Awards MC Digital Realty 2024 Japan Company of the Year Award,NA
360,NA,Nine ruling party candidates vie to replace Japan 's outgoing Prime Minister Kishida,NA
361,NA,Nine ruling party candidates vie to replace Japan 's outgoing Prime Minister Kishida,NA
362,NA,Nine ruling party candidates vie to replace Japan 's outgoing Prime Minister Kishida,NA
363,NA,PRIME MINISTER SHRI NARENDRA MODI DEDICATES TO NATION THREE PARAM,NA
364,NA,"FEMA, MAXWELL AFB PREPARE FOR HURRICANE HELENE'S LANDFALL",NA
365,NA,Qiddiya's IRL Gaming Tour Stops at Tokyo Game Show With UBAR(TM) a Real-life,NA
366,NA,Jabil Posts Fourth Quarter and Fiscal Year 2024 Results Company Announces New $1,NA
367,NA,House Science Committee Passes Bills to Advance Research and Technology,NA
368,NA,House Science Committee Passes Bills to Advance Research and Technology,NA
369,NA,CHINA CALLS FOR GLOBAL COOPERATION TO PROTECT WATER SECURITY,NA
370,NA,Fortune Announces the 2024 Change the World List,NA
371,NA,EYEING SUSTAINABILITY: CHINA'S GREEN DEVELOPMENT AGENDA EMPOWERS,NA
372,NA,Fifth Big Data Hackathon Brings Student Teams Together to Solve Pressing Issues,NA
373,NA,NSF and philanthropic partners invest more than $18M to prioritize ethical and,NA
374,NA,Scientific Systems Conducts Groundbreaking Research Pairing Cutting-Edge,NA
375,NA,Three Mile Island Nuclear Plant to Reopen as Microsoft Agrees to Purchase Power,NA
376,NA,Intermap’s Team Chosen for Major NGA Data Contract,NA
377,NA,"SDG DIGITAL: SOLUTIONS AND COMMITMENTS FOR EVERYONE, EVERYWHERE",NA
378,NA,"Senate Foreign Relations Subcommittee on East Asia, the Pacific and International",NA
379,NA,Nasuni Integrates Microsoft 365 Copilot Bringing AI Transformation to Unstructured,NA
380,NA,3AM Innovations and Somewear Labs Partner to Maximize Firefighter Accountability,NA
381,NA,HII is Awarded Amphibious Multi-Ship Procurement Contracts,NA
382,NA,Tessell Collaborates with Microsoft Azure and NetApp to Introduce the First,NA
383,NA,"Zoom introduces new advanced enterprise offerings to boost efficiency, reliability,",NA
384,NA,FBF: THE LAST WEEK BEFORE SPLITSVILLE (9/23/2024),NA
385,NA,NSF AND PHILANTHROPIC PARTNERS INVEST MORE THAN $18M TO PRIORITIZE,NA
386,NA,UNGA 2024: IRC Urges World Leaders to Scale Solutions to Bridge Global Fragility,NA
387,NA,IBM and NASA Release Open-Source AI Model on Hugging Face for Weather and,NA
388,NA,AP News in Brief at 6:09 p.m. EDT,NA
389,NA,"MCAA GOVERNMENT AFFAIRS UPDATE FOR SEPTEMBER 23, 2024: THE LATEST",NA
390,NA,"PEDRO SNCHEZ DEFENDS PEACE, DEMOCRACY AND DEVELOPMENT AS ESSENTIAL",NA
391,NA,SECRETARY ANTONY J. BLINKEN AT THE MINISTERIAL MEETING ON TRANSFORMING,NA
392,NA,Secretary of State Blinken Issues Remarks at Ministerial Meeting on Transforming,NA
393,NA,SECRETARY ANTONY J. BLINKEN AT THE MINISTERIAL MEETING ON TRANSFORMING,NA
394,NA,"Senate Appropriations Committee Issues Report on Department of State, Foreign",NA
395,NA,"UAV Drone Market Poised for Explosive Growth, Reaching USD 41.3 Billion by 2032",NA
396,NA,White House Fact Sheet: 2024 Quad Leaders' Summit,NA
397,NA,SDG DIGITAL UNLOCKS COMMITMENTS TO LEVERAGE INNOVATION AND EMERGING,NA
398,NA,FACT SHEET: 2024 QUAD LEADERS' SUMMIT,NA
399,NA,THE WILMINGTON DECLARATION JOINT STATEMENT FROM THE LEADERS OF,NA
400,NA,"JOINT STATEMENT FROM THE LEADERS OF AUSTRALIA, INDIA , JAPAN , AND THE",NA
401,NA,Three Mile Island is reopening and selling its power to Microsoft,NA
402,NA,INDIAAI INNOVATION CHALLENGE LAUNCHED TO FOSTER IMPACTFUL AI SOLUTIONS,NA
403,NA,Three Mile Island Gets New Name,NA
404,NA,"White House Issues Transcript of News Briefing by Press Secretary Jean-Pierre,",NA
405,NA,"5 things to know for Sept. 19: Economy, Middle East, Teamsters Union, Baltimore",NA
406,NA,DHS S&T MARKS NATIONAL PREPAREDNESS MONTH WITH COLORADO WILDFIRE,NA
407,NA,AUTONOMOUS ROBOT PAVES THE WAY FOR FUTURE FUSION MAINTENANCE,NA
408,NA,Cirata Announces New Version of Subversion MultiSite Plus to Empower Global,NA
409,NA,FOREIGN MINISTRY SPOKESPERSON LIN JIAN'S REGULAR PRESS CONFERENCE ON,NA
410,NA,"ICYMI: At Hearing, Warren Sets up 2025 Tax Fight, Calls for a Tax Code that Reflects",NA
411,NA,"ICYMI: AT HEARING, WARREN SETS UP 2025 TAX FIGHT, CALLS FOR A TAX CODE",NA
412,NA,"ICYMI: At Hearing, Warren Sets up 2025 Tax Fight, Calls for a Tax Code that Reflects",NA
413,NA,Endava Announces Fourth Quarter Fiscal Year 2024 & Fiscal Year 2024 Results Q4,NA
414,NA,Microsoft: Another Important Step in Advancing Responsible AI to Serve The World,NA
415,NA,UNITED IN SCIENCE: REBOOT CLIMATE ACTION,NA
416,NA,"Rep. Kennedy Announces $475,000 UB Grant for Wind Tunnel Research",NA
417,NA,"CLIMATE CRISIS: SATELLITES AND AI OFFER HOPE FOR GLOBAL ACTION, SAYS UN",NA
418,NA,MINISTRY OF ELECTRONICS AND INFORMATION TECHNOLOGY (MEITY) ORGANIZES,NA
419,NA,WELCOMING NEW FACULTY TO UW TACOMA FOR 2024-25,NA
420,NA,Bond University Professor Bajracharya Issues Commentary: The Gold Coast in 2074 -,NA
421,NA,"5C Data Centers Announces New Data Center Region in Phoenix , Arizona",NA
422,NA,26 Best Romantic Movies to Recently Release,NA
423,NA,"PRESS BRIEFING BY PRESS SECRETARY KARINE JEAN-PIERRE, DIRECTOR OF",NA
424,NA,U.S. Patents Awarded to Inventors in Washington (Sept. 18),NA
425,NA,MDT Launches AI Bootcamp for Credit Unions CUSO offers program to help credit,NA
426,NA,NSF ANNOUNCES 8 EPSCOR AWARDS TO FUND RESEARCH FELLOWSHIPS AT NASA,NA
427,NA,NSF announces 8 EPSCoR awards to fund research fellowships at NASA facilities,NA
428,NA,"Veritas Makes Cyber Recovery Simpler, Smarter and Faster New AI-powered, user-",NA
429,NA,Alcatraz AI Launches New High-Performance AI Facial Authentication Security,NA
430,NA,"Senate Judiciary Subcommittee on Privacy, Technology, and the Law Hearing On",NA
431,NA,"Verizon Frontline survey: Network reliability, 5G, cybersecurity, top of mind for first",NA
432,NA,"Verizon transforms student learning this school year: new innovation labs, STEM",NA
433,NA,Scripps Health Celebrates its 100th Anniversary on Sept. 17 Seaside hospital and,NA
434,NA,GREENING AI: HOW THE UK CAN POWER THE ARTIFICIAL-INTELLIGENCE ERA,NA
435,NA,"REP. KENNEDY ANNOUNCES $475,000 UB GRANT FOR WIND TUNNEL RESEARCH",NA
436,NA,"Operation HOPE Founder, Chairman and CEO John Hope Bryant Makes the Case for",NA
437,NA,Pega Creates New Leadership Role to Accelerate Clients' Adoption of Pega Cloud for,NA
438,NA,SoftBank Corp. and Intelsat Launch Landmark Collaboration to Create Ubiquitous,NA
439,NA,"JOINTLY ACTING ON THE GLOBAL SECURITY INITIATIVE AND""BUILDING A COMMUNITY",NA
440,NA,The 24 Best Apocalypse Movies of All Time,NA
441,NA,Cloud Backup and Recovery Software Market Size Worth $12.92 billion By 2030:,NA
442,NA,"Adobe's Fiscal Q4 Outlook Sparks 'Legitimate Concern,' UBS Says",NA
443,NA,Mark43 survey reveals California residents want modern public safety technology for,NA
444,NA,ITRI's Technology Camp Empowers Young Minds,NA
445,NA,PETER KYLE'S SPEECH AT THE CAMPAIGN FOR SCIENCE AND ENGINEERING,NA
446,NA,U.S. Patents Awarded to Inventors in California (Sept. 12),NA
447,NA,Rutgers University-Camden Welcomes New Faculty Members for 2024-25 Academic,NA
448,NA,International Telecommunication Union: India to Host World Conference on Priorities,NA
449,NA,FOREIGN MINISTRY SPOKESPERSON MAO NING'S REGULAR PRESS CONFERENCE ON,NA
450,NA,CABINET APPROVES 'MISSION MAUSAM' TO CREATE A MORE WEATHER-READY AND,NA
451,NA,SCOTLAND'S SPACE SECTOR KEY TO UK AMBITIONS,NA
452,NA,Anaplan Selects NetApp to Unify Data Storage to Accelerate AI Consolidating hybrid,NA
453,NA,U.S. Patents Awarded to Inventors in Massachusetts (Sept. 11),NA
454,NA,INDIA TO HOST WORLD CONFERENCE ON PRIORITIES FOR TECHNOLOGY,NA
455,NA,HEAVY.AI Accelerates Big Data Analytics with Vultr's High-Performance GPU Cloud,NA
456,NA,Zerto Sponsored Research Finds Backup-Only Recovery Solutions Are Failing,NA
457,NA,ConnectWise Accelerates Next Generation of Data Protection and Cybersecurity for,NA
458,NA,Partnership for Public Service Announces 2024 Samuel J. Heyman Service to America,NA
459,NA,Lane Dermatology & Dermatologic Surgery First Private Healthcare Practice to,NA
460,NA,Windward Risk Managers Enhances Claims Operations with Vexcel's Aerial Imagery,NA
461,NA,ICF Appoints New Digital Modernization Leader,NA
462,NA,House Oversight and Accountability Subcommittee on Government Operations and,NA
463,NA,"NEW TOOLS USE AI 'FINGERPRINTS' TO DETECT ALTERED PHOTOS, VIDEOS",NA
464,NA,Flexential Survey of Enterprise IT Leaders Reveals AI Creating New Cybersecurity,NA
465,NA,"INTEGRATING GENDER-RESPONSIVE PLANNING, DIGITAL INNOVATION, AND",NA
466,NA,Oracle and Amazon Web Services Announce Strategic Partnership,NA
467,NA,"5 things to know for Sept. 9: Presidential debate, Wildfires, Kentucky shootings,",NA
468,NA,ADVANCES IN HUMAN-ROBOT TELEMANIPULATION BY CEAT FACULTY,NA
469,NA,ADVANCES IN HUMAN-ROBOT TELEMANIPULATION BY CEAT FACULTY,NA
470,NA,Advances in human-robot telemanipulation by CEAT faculty,NA
471,NA,CEAT faculty make advances in human-robot telemanipulation,NA
472,NA,Global Organizations Choose Oracle Database@Azure to Accelerate their Cloud,NA
473,NA,"Senate Appropriations Committee Issues Report on Agriculture, Rural Development,",NA
474,NA,"Senate Appropriations Committee Issues Report on Agriculture, Rural Development,",NA
475,NA,WORK PERIOD WRAP UP,NA
476,NA,USAID Administrator Power Issues Remarks at Swearing-In Ceremony for Steve Olive,NA
477,NA,N.Y. Gov. Hochul Issues Remarks at Future Energy Economy Summit,NA
478,NA,CHINA LAUNCHES KEY METEOROLOGICAL LAB FOR ENERGY INDUSTRY,NA
479,NA,"NGA Unclassified Data Lake Fosters GEOINT Innovation, Partnership, Collaboration",NA
480,NA,BEIJING DECLARATION ON JOINTLY BUILDING AN ALL-WEATHER CHINA-AFRICA,NA
481,NA,Rovicare and CPR Partnership Reduces ER Congestion Through Innovative Care,NA
482,NA,"TRANSCRIPT: AT FUTURE ENERGY ECONOMY SUMMIT, GOVERNOR HOCHUL CALLS",NA
483,NA,"VIDEO, AUDIO, PHOTOS & RUSH TRANSCRIPT: AT FUTURE ENERGY ECONOMY",NA
484,NA,"FORUM ON CHINA-AFRICA COOPERATION""BEIJING ACTION PLAN (2025-2027)",NA
485,NA,Planet Reports Financial Results for Second Quarter of Fiscal Year 2025 Delivers,NA
486,NA,Korn Ferry Announces First Quarter Fiscal 2025 Results of Operations Highlights,NA
487,NA,INTRODUCING NEW SMITH SCHOOL FACULTY MEMBERS FOR THE FALL 2024,NA
488,NA,ASIA-PACIFIC NATIONS COMMIT TO 'VISIONARY BLUEPRINT' FOR INCLUSIVE DIGITAL,NA
489,NA,Rand: Equity and Social Policy - Q&A With Jessica Welburn Paige,NA
490,NA,House Oversight and Accountability Subcommittee on Government Operations and,NA
491,NA,Floodbase's Flood Mapping Accuracy Outperforms National Oceanic and Atmospheric,NA
492,NA,Billington Cybersecurity - Summit,NA
493,NA,Hewlett Packard Enterprise Reports Fiscal 2024 Third Quarter Results Accelerating AI,NA
494,NA,WISeKey Subsidiary WISeSAT.Space Announces Strategic Alliance with Global Radio,NA
495,NA,TeraWulf Announces August 2024 Production and Operations Update,NA
496,NA,WISeKey Subsidiary WISeSAT Announces the Signing of a Proof of Concept,NA
497,NA,Conanicut-backed Capstone partners with RPE to grow its IT Services Platform,NA
498,NA,Virtual Machine Market Size Worth $25.9 Billion By 2030: IndustryARC,NA
499,NA,DIGITAL AGRICULTURE MISSION: TECH FOR TRANSFORMING FARMERS' LIVES,NA
500,NA,Bernardino Abad Grupo Logístico becomes the primary reference for the,NA
